our_time,keele_time
0.0053346564707255845,0.06855133967660966
